state,Year,Month,deaths_covid,deaths_covid_coverage
AK,2020,3,0.0,15
AK,2020,4,4.0,709
AK,2020,5,15.0,641
AK,2020,6,5.0,570
AK,2020,7,12.0,686
AK,2020,8,10.0,774
AK,2020,9,11.0,722
AK,2020,10,27.0,706
AK,2020,11,52.0,697
AK,2020,12,64.0,727
AK,2021,1,21.0,728
AK,2021,2,11.0,654
AK,2021,3,11.0,724
AK,2021,4,25.0,704
AK,2021,5,17.0,726
AK,2021,6,4.0,697
AK,2021,7,18.0,724
AK,2021,8,70.0,724
AK,2021,9,143.0,704
AK,2021,10,164.0,728
AK,2021,11,89.0,700
AK,2021,12,41.0,728
AK,2022,1,24.0,425
AK,2022,2,33.0,257
AK,2022,3,26.0,264
AK,2022,4,15.0,273
AK,2022,5,17.0,302
AK,2022,6,15.0,307
AK,2022,7,13.0,314
AK,2022,8,34.0,309
AK,2022,9,12.0,312
AK,2022,10,24.0,316
AK,2022,11,12.0,303
AK,2022,12,9.0,317
AK,2023,1,9.0,307
AK,2023,2,11.0,276
AK,2023,3,7.0,300
AK,2023,4,12.0,280
AK,2023,5,9.0,307
AK,2023,6,8.0,300
AK,2023,7,5.0,310
AK,2023,8,3.0,309
AK,2023,9,11.0,297
AK,2023,10,5.0,278
AL,2020,1,0.0,0
AL,2020,2,0.0,0
AL,2020,3,4.0,129
AL,2020,4,203.0,1531
AL,2020,5,149.0,1503
AL,2020,6,260.0,2574
AL,2020,7,506.0,2959
AL,2020,8,609.0,3157
AL,2020,9,357.0,3250
AL,2020,10,371.0,3443
AL,2020,11,464.0,3280
AL,2020,12,1032.0,3425
AL,2021,1,1574.0,3429
AL,2021,2,650.0,3107
AL,2021,3,222.0,3409
AL,2021,4,123.0,3314
AL,2021,5,103.0,3406
AL,2021,6,75.0,3305
AL,2021,7,145.0,3438
AL,2021,8,1093.0,3482
AL,2021,9,1407.0,3371
AL,2021,10,612.0,3483
AL,2021,11,183.0,3366
AL,2021,12,203.0,3487
AL,2022,1,673.0,3480
AL,2022,2,772.0,3150
AL,2022,3,194.0,3477
AL,2022,4,21.0,3373
AL,2022,5,20.0,3463
AL,2022,6,46.0,3375
AL,2022,7,104.0,3478
AL,2022,8,121.0,3440
AL,2022,9,77.0,3059
AL,2022,10,43.0,3101
AL,2022,11,28.0,2948
AL,2022,12,85.0,2988
AL,2023,1,110.0,2950
AL,2023,2,63.0,2675
AL,2023,3,54.0,2976
AL,2023,4,35.0,2884
AL,2023,5,24.0,2974
AL,2023,6,10.0,1878
AL,2023,7,4.0,1184
AL,2023,8,19.0,1169
AL,2023,9,22.0,1219
AL,2023,10,8.0,1132
AR,2020,1,0.0,5
AR,2020,3,7.0,163
AR,2020,4,220.0,1688
AR,2020,5,79.0,1904
AR,2020,6,87.0,1674
AR,2020,7,133.0,1676
AR,2020,8,277.0,2380
AR,2020,9,256.0,2818
AR,2020,10,462.0,3117
AR,2020,11,550.0,3124
AR,2020,12,665.0,3226
AR,2021,1,698.0,3228
AR,2021,2,312.0,2896
AR,2021,3,156.0,3179
AR,2021,4,45.0,3114
AR,2021,5,74.0,3198
AR,2021,6,83.0,3085
AR,2021,7,276.0,3255
AR,2021,8,731.0,3250
AR,2021,9,533.0,3172
AR,2021,10,304.0,3303
AR,2021,11,149.0,3162
AR,2021,12,221.0,3303
AR,2022,1,237.0,2166
AR,2022,2,146.0,1371
AR,2022,3,52.0,1477
AR,2022,4,16.0,1369
AR,2022,5,12.0,1389
AR,2022,6,12.0,1378
AR,2022,7,35.0,1432
AR,2022,8,35.0,1281
AR,2022,9,20.0,1019
AR,2022,10,16.0,973
AR,2022,11,21.0,929
AR,2022,12,28.0,788
AR,2023,1,27.0,719
AR,2023,2,17.0,639
AR,2023,3,16.0,719
AR,2023,4,6.0,711
AR,2023,5,9.0,690
AR,2023,6,2.0,631
AR,2023,7,7.0,590
AR,2023,8,7.0,579
AR,2023,9,17.0,603
AR,2023,10,11.0,502
AS,2021,8,0.0,8
AS,2021,9,0.0,30
AS,2021,10,0.0,31
AS,2021,11,0.0,30
AS,2021,12,0.0,31
AS,2022,1,0.0,8
AS,2022,2,0.0,0
AS,2022,3,0.0,0
AS,2022,4,0.0,0
AS,2022,5,0.0,0
AS,2022,6,0.0,0
AS,2022,7,0.0,0
AS,2022,8,0.0,0
AS,2022,9,0.0,0
AS,2022,10,0.0,0
AS,2022,11,0.0,0
AS,2022,12,0.0,0
AS,2023,1,0.0,0
AS,2023,2,0.0,0
AS,2023,3,0.0,0
AS,2023,4,0.0,0
AS,2023,5,0.0,0
AS,2023,6,0.0,0
AS,2023,7,0.0,0
AS,2023,8,0.0,0
AS,2023,9,0.0,0
AS,2023,10,0.0,0
AZ,2020,3,0.0,95
AZ,2020,4,198.0,1613
AZ,2020,5,535.0,2299
AZ,2020,6,1222.0,1831
AZ,2020,7,1659.0,2069
AZ,2020,8,781.0,2735
AZ,2020,9,216.0,2758
AZ,2020,10,402.0,3204
AZ,2020,11,807.0,3375
AZ,2020,12,1939.0,3580
AZ,2021,1,2660.0,3639
AZ,2021,2,1111.0,3265
AZ,2021,3,345.0,3594
AZ,2021,4,189.0,3508
AZ,2021,5,184.0,3560
AZ,2021,6,162.0,3441
AZ,2021,7,208.0,3604
AZ,2021,8,643.0,3629
AZ,2021,9,2067.0,3511
AZ,2021,10,2118.0,3638
AZ,2021,11,2622.0,3461
AZ,2021,12,3941.0,3517
AZ,2022,1,2255.0,2487
AZ,2022,2,252.0,1249
AZ,2022,3,62.0,1268
AZ,2022,4,19.0,1225
AZ,2022,5,8.0,1211
AZ,2022,6,14.0,1127
AZ,2022,7,55.0,1151
AZ,2022,8,22.0,1087
AZ,2022,9,16.0,853
AZ,2022,10,13.0,862
AZ,2022,11,27.0,783
AZ,2022,12,25.0,654
AZ,2023,1,8.0,553
AZ,2023,2,5.0,496
AZ,2023,3,9.0,541
AZ,2023,4,4.0,514
AZ,2023,5,6.0,529
AZ,2023,6,1.0,445
AZ,2023,7,0.0,363
AZ,2023,8,0.0,376
AZ,2023,9,1.0,409
AZ,2023,10,145.0,323
CA,2020,2,0.0,5
CA,2020,3,32.0,306
CA,2020,4,2036.0,5593
CA,2020,5,5442.0,9385
CA,2020,6,1936.0,9224
CA,2020,7,2673.0,8411
CA,2020,8,2658.0,10805
CA,2020,9,1900.0,11241
CA,2020,10,1108.0,11993
CA,2020,11,1637.0,11760
CA,2020,12,7948.0,12345
CA,2021,1,14002.0,12357
CA,2021,2,5927.0,11168
CA,2021,3,1798.0,12326
CA,2021,4,822.0,11974
CA,2021,5,566.0,12277
CA,2021,6,650.0,11858
CA,2021,7,609.0,12296
CA,2021,8,2260.0,12249
CA,2021,9,3111.0,11913
CA,2021,10,1909.0,12323
CA,2021,11,1749.0,11837
CA,2021,12,1705.0,12315
CA,2022,1,2833.0,8760
CA,2022,2,1410.0,3603
CA,2022,3,342.0,3788
CA,2022,4,85.0,3618
CA,2022,5,215.0,3767
CA,2022,6,158.0,3643
CA,2022,7,316.0,3864
CA,2022,8,469.0,3695
CA,2022,9,183.0,3228
CA,2022,10,135.0,3456
CA,2022,11,154.0,3247
CA,2022,12,255.0,2786
CA,2023,1,178.0,2347
CA,2023,2,179.0,2389
CA,2023,3,178.0,2688
CA,2023,4,133.0,2554
CA,2023,5,231.0,4029
CA,2023,6,273.0,4411
CA,2023,7,294.0,4353
CA,2023,8,281.0,4348
CA,2023,9,376.0,4557
CA,2023,10,348.0,4349
CO,2020,3,1.0,68
CO,2020,4,87.0,1149
CO,2020,5,75.0,1079
CO,2020,6,27.0,972
CO,2020,7,65.0,1587
CO,2020,8,71.0,2776
CO,2020,9,40.0,2825
CO,2020,10,172.0,3001
CO,2020,11,414.0,2967
CO,2020,12,614.0,3083
CO,2021,1,277.0,3101
CO,2021,2,141.0,2812
CO,2021,3,92.0,3103
CO,2021,4,76.0,3023
CO,2021,5,146.0,3113
CO,2021,6,125.0,3024
CO,2021,7,86.0,3142
CO,2021,8,149.0,3129
CO,2021,9,271.0,3048
CO,2021,10,384.0,3148
CO,2021,11,531.0,3032
CO,2021,12,557.0,3165
CO,2022,1,309.0,2182
CO,2022,2,128.0,1339
CO,2022,3,39.0,1456
CO,2022,4,9.0,1402
CO,2022,5,11.0,1453
CO,2022,6,23.0,1401
CO,2022,7,27.0,1434
CO,2022,8,23.0,1337
CO,2022,9,13.0,1176
CO,2022,10,13.0,1185
CO,2022,11,29.0,1139
CO,2022,12,39.0,1166
CO,2023,1,32.0,1125
CO,2023,2,14.0,1002
CO,2023,3,16.0,1088
CO,2023,4,15.0,1100
CO,2023,5,6.0,1154
CO,2023,6,4.0,1094
CO,2023,7,4.0,1091
CO,2023,8,8.0,1086
CO,2023,9,9.0,1082
CO,2023,10,18.0,978
CT,2020,3,12.0,44
CT,2020,4,592.0,501
CT,2020,5,457.0,511
CT,2020,6,70.0,704
CT,2020,7,28.0,815
CT,2020,8,28.0,925
CT,2020,9,23.0,895
CT,2020,10,88.0,937
CT,2020,11,299.0,956
CT,2020,12,644.0,1127
CT,2021,1,624.0,1153
CT,2021,2,367.0,1036
CT,2021,3,195.0,1129
CT,2021,4,177.0,1116
CT,2021,5,118.0,1142
CT,2021,6,22.0,1108
CT,2021,7,21.0,1153
CT,2021,8,75.0,1139
CT,2021,9,134.0,1107
CT,2021,10,127.0,1151
CT,2021,11,118.0,1100
CT,2021,12,747.0,1138
CT,2022,1,509.0,737
CT,2022,2,51.0,258
CT,2022,3,16.0,243
CT,2022,4,9.0,201
CT,2022,5,20.0,195
CT,2022,6,26.0,196
CT,2022,7,15.0,199
CT,2022,8,11.0,196
CT,2022,9,16.0,196
CT,2022,10,26.0,190
CT,2022,11,5.0,173
CT,2022,12,7.0,127
CT,2023,1,34.0,91
CT,2023,2,11.0,84
CT,2023,3,17.0,74
CT,2023,4,6.0,60
CT,2023,5,14.0,62
CT,2023,6,10.0,60
CT,2023,7,5.0,61
CT,2023,8,5.0,60
CT,2023,9,1.0,68
CT,2023,10,2.0,56
DC,2020,3,1.0,8
DC,2020,4,259.0,188
DC,2020,5,372.0,290
DC,2020,6,87.0,294
DC,2020,7,108.0,286
DC,2020,8,28.0,369
DC,2020,9,27.0,371
DC,2020,10,39.0,390
DC,2020,11,46.0,368
DC,2020,12,88.0,377
DC,2021,1,108.0,376
DC,2021,2,91.0,340
DC,2021,3,52.0,376
DC,2021,4,49.0,364
DC,2021,5,29.0,376
DC,2021,6,10.0,365
DC,2021,7,11.0,376
DC,2021,8,40.0,375
DC,2021,9,35.0,365
DC,2021,10,34.0,376
DC,2021,11,12.0,365
DC,2021,12,61.0,377
DC,2022,1,150.0,355
DC,2022,2,46.0,348
DC,2022,3,21.0,403
DC,2022,4,10.0,388
DC,2022,5,11.0,397
DC,2022,6,14.0,389
DC,2022,7,19.0,400
DC,2022,8,14.0,401
DC,2022,9,26.0,382
DC,2022,10,11.0,400
DC,2022,11,20.0,384
DC,2022,12,29.0,375
DC,2023,1,31.0,340
DC,2023,2,23.0,303
DC,2023,3,11.0,370
DC,2023,4,6.0,354
DC,2023,5,4.0,369
DC,2023,6,0.0,267
DC,2023,7,1.0,174
DC,2023,8,1.0,155
DC,2023,9,2.0,159
DC,2023,10,3.0,140
DE,2020,3,3.0,10
DE,2020,4,55.0,167
DE,2020,5,95.0,184
DE,2020,6,32.0,210
DE,2020,7,13.0,201
DE,2020,8,16.0,255
DE,2020,9,20.0,299
DE,2020,10,47.0,396
DE,2020,11,42.0,407
DE,2020,12,133.0,417
DE,2021,1,146.0,420
DE,2021,2,56.0,367
DE,2021,3,29.0,408
DE,2021,4,21.0,404
DE,2021,5,10.0,411
DE,2021,6,10.0,398
DE,2021,7,7.0,416
DE,2021,8,33.0,415
DE,2021,9,65.0,410
DE,2021,10,64.0,425
DE,2021,11,36.0,400
DE,2021,12,85.0,422
DE,2022,1,129.0,321
DE,2022,2,21.0,222
DE,2022,3,3.0,240
DE,2022,4,0.0,211
DE,2022,5,2.0,204
DE,2022,6,0.0,193
DE,2022,7,5.0,206
DE,2022,8,2.0,176
DE,2022,9,4.0,114
DE,2022,10,2.0,106
DE,2022,11,4.0,80
DE,2022,12,6.0,104
DE,2023,1,4.0,140
DE,2023,2,3.0,109
DE,2023,3,2.0,116
DE,2023,4,1.0,112
DE,2023,5,0.0,114
DE,2023,6,0.0,98
DE,2023,7,1.0,84
DE,2023,8,0.0,82
DE,2023,9,1.0,89
DE,2023,10,0.0,77
FL,2020,3,2.0,88
FL,2020,4,1322.0,2700
FL,2020,5,783.0,3459
FL,2020,6,212.0,1978
FL,2020,7,1856.0,3844
FL,2020,8,3513.0,7352
FL,2020,9,1859.0,7504
FL,2020,10,1993.0,8045
FL,2020,11,3093.0,7522
FL,2020,12,2160.0,7830
FL,2021,1,3318.0,7843
FL,2021,2,2078.0,7039
FL,2021,3,1165.0,7748
FL,2021,4,1019.0,7564
FL,2021,5,941.0,7807
FL,2021,6,636.0,7512
FL,2021,7,1299.0,7826
FL,2021,8,6978.0,7816
FL,2021,9,5894.0,7661
FL,2021,10,1663.0,7894
FL,2021,11,493.0,7584
FL,2021,12,520.0,7937
FL,2022,1,1847.0,5769
FL,2022,2,1062.0,4058
FL,2022,3,480.0,4495
FL,2022,4,418.0,4358
FL,2022,5,471.0,4524
FL,2022,6,580.0,4371
FL,2022,7,723.0,4543
FL,2022,8,712.0,4503
FL,2022,9,547.0,3694
FL,2022,10,491.0,3667
FL,2022,11,425.0,3279
FL,2022,12,542.0,3207
FL,2023,1,639.0,3171
FL,2023,2,466.0,2911
FL,2023,3,452.0,3171
FL,2023,4,353.0,3129
FL,2023,5,343.0,3239
FL,2023,6,311.0,2943
FL,2023,7,320.0,2803
FL,2023,8,349.0,2816
FL,2023,9,397.0,2936
FL,2023,10,292.0,2531
GA,2020,3,8.0,266
GA,2020,4,531.0,2383
GA,2020,5,495.0,2755
GA,2020,6,248.0,2417
GA,2020,7,529.0,2547
GA,2020,8,956.0,3360
GA,2020,9,642.0,4048
GA,2020,10,541.0,4836
GA,2020,11,703.0,4904
GA,2020,12,1317.0,5074
GA,2021,1,2693.0,5057
GA,2021,2,1435.0,4547
GA,2021,3,598.0,4829
GA,2021,4,390.0,4894
GA,2021,5,304.0,5056
GA,2021,6,159.0,4810
GA,2021,7,208.0,5012
GA,2021,8,1811.0,5035
GA,2021,9,2795.0,4913
GA,2021,10,1171.0,5064
GA,2021,11,362.0,4899
GA,2021,12,412.0,5095
GA,2022,1,1070.0,4223
GA,2022,2,573.0,3247
GA,2022,3,154.0,3527
GA,2022,4,60.0,3266
GA,2022,5,68.0,3324
GA,2022,6,68.0,3188
GA,2022,7,112.0,3256
GA,2022,8,108.0,3171
GA,2022,9,72.0,2978
GA,2022,10,62.0,2967
GA,2022,11,51.0,2876
GA,2022,12,73.0,3083
GA,2023,1,124.0,2634
GA,2023,2,35.0,1136
GA,2023,3,26.0,1249
GA,2023,4,9.0,1177
GA,2023,5,13.0,1221
GA,2023,6,10.0,1079
GA,2023,7,11.0,980
GA,2023,8,23.0,976
GA,2023,9,24.0,1038
GA,2023,10,16.0,896
HI,2020,1,0.0,31
HI,2020,2,0.0,29
HI,2020,3,0.0,131
HI,2020,4,6.0,295
HI,2020,5,1.0,376
HI,2020,6,0.0,351
HI,2020,7,1.0,349
HI,2020,8,50.0,457
HI,2020,9,63.0,460
HI,2020,10,38.0,617
HI,2020,11,19.0,734
HI,2020,12,26.0,788
HI,2021,1,35.0,790
HI,2021,2,13.0,712
HI,2021,3,12.0,786
HI,2021,4,14.0,764
HI,2021,5,17.0,788
HI,2021,6,15.0,762
HI,2021,7,15.0,790
HI,2021,8,74.0,786
HI,2021,9,147.0,770
HI,2021,10,66.0,798
HI,2021,11,22.0,770
HI,2021,12,15.0,798
HI,2022,1,73.0,522
HI,2022,2,60.0,353
HI,2022,3,13.0,374
HI,2022,4,6.0,361
HI,2022,5,12.0,366
HI,2022,6,12.0,344
HI,2022,7,12.0,370
HI,2022,8,13.0,374
HI,2022,9,13.0,358
HI,2022,10,8.0,368
HI,2022,11,8.0,360
HI,2022,12,10.0,326
HI,2023,1,8.0,248
HI,2023,2,6.0,227
HI,2023,3,8.0,248
HI,2023,4,12.0,240
HI,2023,5,4.0,248
HI,2023,6,12.0,256
HI,2023,7,3.0,279
HI,2023,8,9.0,278
HI,2023,9,3.0,268
HI,2023,10,4.0,252
IA,2020,3,1.0,142
IA,2020,4,75.0,2420
IA,2020,5,118.0,3081
IA,2020,6,59.0,2770
IA,2020,7,91.0,3576
IA,2020,8,151.0,3770
IA,2020,9,180.0,3630
IA,2020,10,218.0,3767
IA,2020,11,621.0,3680
IA,2020,12,486.0,3809
IA,2021,1,288.0,3812
IA,2021,2,123.0,3440
IA,2021,3,81.0,3804
IA,2021,4,55.0,3690
IA,2021,5,59.0,3808
IA,2021,6,21.0,3684
IA,2021,7,31.0,3787
IA,2021,8,122.0,3798
IA,2021,9,240.0,3688
IA,2021,10,279.0,3813
IA,2021,11,227.0,3681
IA,2021,12,350.0,3812
IA,2022,1,379.0,3768
IA,2022,2,124.0,1622
IA,2022,3,37.0,1372
IA,2022,4,240.0,1937
IA,2022,5,32.0,1988
IA,2022,6,325.0,1926
IA,2022,7,58.0,1967
IA,2022,8,62.0,1945
IA,2022,9,32.0,1844
IA,2022,10,149.0,1884
IA,2022,11,39.0,1787
IA,2022,12,1205.0,1759
IA,2023,1,483.0,1743
IA,2023,2,49.0,1573
IA,2023,3,1688.0,1744
IA,2023,4,515.0,1668
IA,2023,5,4.0,1698
IA,2023,6,7.0,1577
IA,2023,7,0.0,1608
IA,2023,8,396.0,1630
IA,2023,9,9.0,1564
IA,2023,10,110.0,1435
ID,2020,3,4.0,113
ID,2020,4,25.0,989
ID,2020,5,8.0,1225
ID,2020,6,9.0,1183
ID,2020,7,30.0,1034
ID,2020,8,59.0,1127
ID,2020,9,50.0,1285
ID,2020,10,81.0,1512
ID,2020,11,154.0,1478
ID,2020,12,198.0,1543
ID,2021,1,122.0,1549
ID,2021,2,45.0,1396
ID,2021,3,39.0,1542
ID,2021,4,47.0,1499
ID,2021,5,30.0,1561
ID,2021,6,42.0,1514
ID,2021,7,32.0,1574
ID,2021,8,128.0,1569
ID,2021,9,339.0,1529
ID,2021,10,391.0,1580
ID,2021,11,188.0,1513
ID,2021,12,126.0,1567
ID,2022,1,179.0,1307
ID,2022,2,100.0,1016
ID,2022,3,40.0,1080
ID,2022,4,10.0,1023
ID,2022,5,9.0,1034
ID,2022,6,13.0,1031
ID,2022,7,22.0,1045
ID,2022,8,24.0,1069
ID,2022,9,11.0,956
ID,2022,10,13.0,1031
ID,2022,11,18.0,961
ID,2022,12,29.0,975
ID,2023,1,30.0,945
ID,2023,2,17.0,846
ID,2023,3,21.0,932
ID,2023,4,13.0,885
ID,2023,5,13.0,917
ID,2023,6,15.0,869
ID,2023,7,17.0,876
ID,2023,8,7.0,886
ID,2023,9,17.0,832
ID,2023,10,25.0,779
IL,2020,2,0.0,19
IL,2020,3,26.0,313
IL,2020,4,1098.0,4130
IL,2020,5,1817.0,4779
IL,2020,6,788.0,4893
IL,2020,7,195.0,3596
IL,2020,8,279.0,5096
IL,2020,9,362.0,5350
IL,2020,10,593.0,5822
IL,2020,11,1823.0,5757
IL,2020,12,2343.0,6028
IL,2021,1,1454.0,6092
IL,2021,2,705.0,5483
IL,2021,3,387.0,6033
IL,2021,4,510.0,5860
IL,2021,5,489.0,6022
IL,2021,6,229.0,5845
IL,2021,7,129.0,6098
IL,2021,8,457.0,6039
IL,2021,9,753.0,5864
IL,2021,10,536.0,6075
IL,2021,11,498.0,5865
IL,2021,12,1353.0,6092
IL,2022,1,1852.0,4217
IL,2022,2,473.0,2748
IL,2022,3,122.0,3022
IL,2022,4,89.0,2727
IL,2022,5,90.0,2757
IL,2022,6,119.0,2631
IL,2022,7,121.0,2730
IL,2022,8,118.0,2667
IL,2022,9,104.0,2423
IL,2022,10,102.0,2419
IL,2022,11,89.0,2388
IL,2022,12,152.0,2384
IL,2023,1,126.0,2212
IL,2023,2,48.0,1880
IL,2023,3,73.0,2063
IL,2023,4,45.0,1994
IL,2023,5,25.0,1986
IL,2023,6,30.0,1893
IL,2023,7,28.0,1924
IL,2023,8,29.0,1882
IL,2023,9,31.0,1635
IL,2023,10,35.0,1470
IN,2020,1,0.0,31
IN,2020,2,0.0,29
IN,2020,3,12.0,168
IN,2020,4,599.0,1942
IN,2020,5,1079.0,3300
IN,2020,6,705.0,3155
IN,2020,7,593.0,2867
IN,2020,8,203.0,3850
IN,2020,9,192.0,4222
IN,2020,10,381.0,4622
IN,2020,11,922.0,4650
IN,2020,12,1451.0,4834
IN,2021,1,1047.0,4855
IN,2021,2,380.0,4349
IN,2021,3,162.0,4762
IN,2021,4,171.0,4666
IN,2021,5,184.0,4800
IN,2021,6,123.0,4661
IN,2021,7,114.0,4823
IN,2021,8,382.0,4786
IN,2021,9,803.0,4723
IN,2021,10,648.0,4889
IN,2021,11,622.0,4632
IN,2021,12,1210.0,4879
IN,2022,1,1421.0,4357
IN,2022,2,656.0,3713
IN,2022,3,135.0,4058
IN,2022,4,41.0,3858
IN,2022,5,40.0,3891
IN,2022,6,59.0,3727
IN,2022,7,83.0,3928
IN,2022,8,125.0,3959
IN,2022,9,80.0,3461
IN,2022,10,78.0,3484
IN,2022,11,85.0,3250
IN,2022,12,142.0,3291
IN,2023,1,117.0,2973
IN,2023,2,64.0,2591
IN,2023,3,61.0,2887
IN,2023,4,42.0,2750
IN,2023,5,61.0,2781
IN,2023,6,13.0,2342
IN,2023,7,14.0,2210
IN,2023,8,18.0,2237
IN,2023,9,25.0,2120
IN,2023,10,33.0,1957
KS,2020,2,0.0,34
KS,2020,3,2.0,419
KS,2020,4,61.0,2301
KS,2020,5,134.0,3159
KS,2020,6,101.0,3278
KS,2020,7,86.0,3069
KS,2020,8,114.0,3634
KS,2020,9,124.0,3978
KS,2020,10,223.0,4370
KS,2020,11,486.0,4314
KS,2020,12,671.0,4497
KS,2021,1,577.0,4480
KS,2021,2,271.0,4044
KS,2021,3,67.0,4464
KS,2021,4,45.0,4345
KS,2021,5,59.0,4477
KS,2021,6,33.0,4329
KS,2021,7,81.0,4491
KS,2021,8,287.0,4498
KS,2021,9,332.0,4362
KS,2021,10,208.0,4494
KS,2021,11,170.0,4351
KS,2021,12,339.0,4498
KS,2022,1,310.0,2575
KS,2022,2,134.0,1585
KS,2022,3,23.0,1543
KS,2022,4,6.0,1406
KS,2022,5,10.0,1362
KS,2022,6,18.0,1289
KS,2022,7,23.0,1350
KS,2022,8,11.0,1314
KS,2022,9,14.0,1220
KS,2022,10,14.0,1197
KS,2022,11,16.0,1151
KS,2022,12,18.0,1022
KS,2023,1,9.0,850
KS,2023,2,16.0,735
KS,2023,3,5.0,814
KS,2023,4,1.0,816
KS,2023,5,2.0,845
KS,2023,6,3.0,774
KS,2023,7,1.0,753
KS,2023,8,1.0,700
KS,2023,9,2.0,683
KS,2023,10,2.0,625
KY,2020,3,10.0,209
KY,2020,4,237.0,1997
KY,2020,5,757.0,2904
KY,2020,6,891.0,3152
KY,2020,7,322.0,3096
KY,2020,8,191.0,3037
KY,2020,9,164.0,3194
KY,2020,10,291.0,3466
KY,2020,11,595.0,3463
KY,2020,12,1001.0,3582
KY,2021,1,837.0,3522
KY,2021,2,498.0,3128
KY,2021,3,480.0,3449
KY,2021,4,451.0,3343
KY,2021,5,477.0,3438
KY,2021,6,458.0,3305
KY,2021,7,438.0,3449
KY,2021,8,601.0,3454
KY,2021,9,1260.0,3360
KY,2021,10,809.0,3472
KY,2021,11,343.0,3335
KY,2021,12,600.0,3463
KY,2022,1,961.0,3314
KY,2022,2,734.0,2895
KY,2022,3,233.0,3188
KY,2022,4,52.0,3088
KY,2022,5,26.0,2354
KY,2022,6,29.0,1924
KY,2022,7,80.0,1914
KY,2022,8,57.0,1826
KY,2022,9,30.0,1606
KY,2022,10,26.0,1629
KY,2022,11,30.0,1527
KY,2022,12,22.0,993
KY,2023,1,15.0,631
KY,2023,2,5.0,570
KY,2023,3,10.0,641
KY,2023,4,4.0,604
KY,2023,5,3.0,617
KY,2023,6,0.0,542
KY,2023,7,3.0,545
KY,2023,8,1.0,532
KY,2023,9,2.0,558
KY,2023,10,12.0,491
LA,2020,1,0.0,0
LA,2020,3,73.0,271
LA,2020,4,984.0,3254
LA,2020,5,526.0,5516
LA,2020,6,229.0,5165
LA,2020,7,513.0,6051
LA,2020,8,608.0,5618
LA,2020,9,246.0,5516
LA,2020,10,204.0,6082
LA,2020,11,269.0,6322
LA,2020,12,559.0,6607
LA,2021,1,813.0,6653
LA,2021,2,321.0,6046
LA,2021,3,118.0,6696
LA,2021,4,70.0,6496
LA,2021,5,98.0,6727
LA,2021,6,63.0,6510
LA,2021,7,215.0,6727
LA,2021,8,965.0,6744
LA,2021,9,648.0,6510
LA,2021,10,186.0,6739
LA,2021,11,65.0,6549
LA,2021,12,62.0,6820
LA,2022,1,437.0,6805
LA,2022,2,37.0,84
LA,2022,3,5.0,91
LA,2022,4,0.0,87
LA,2022,5,0.0,75
LA,2022,6,3.0,72
LA,2022,7,16.0,67
LA,2022,8,16.0,128
LA,2022,9,4.0,177
LA,2022,10,0.0,176
LA,2022,11,1.0,35
LA,2022,12,7.0,739
LA,2023,1,14.0,1116
LA,2023,2,9.0,990
LA,2023,3,5.0,1056
LA,2023,4,3.0,1006
LA,2023,5,1.0,1010
LA,2023,6,2.0,918
LA,2023,7,7.0,911
LA,2023,8,13.0,898
LA,2023,9,20.0,900
LA,2023,10,17.0,781
MA,2020,3,5.0,17
MA,2020,4,1494.0,1266
MA,2020,5,1982.0,2032
MA,2020,6,579.0,1761
MA,2020,7,308.0,2033
MA,2020,8,54.0,2440
MA,2020,9,55.0,2596
MA,2020,10,104.0,3074
MA,2020,11,281.0,2843
MA,2020,12,731.0,2927
MA,2021,1,1054.0,2939
MA,2021,2,550.0,2639
MA,2021,3,242.0,2895
MA,2021,4,187.0,2840
MA,2021,5,131.0,2924
MA,2021,6,54.0,2806
MA,2021,7,55.0,2928
MA,2021,8,102.0,2935
MA,2021,9,258.0,2873
MA,2021,10,239.0,2964
MA,2021,11,233.0,2830
MA,2021,12,526.0,2972
MA,2022,1,268.0,2972
MA,2022,2,2.0,2676
MA,2022,3,0.0,2975
MA,2022,4,0.0,2891
MA,2022,5,0.0,2956
MA,2022,6,0.0,2876
MA,2022,7,0.0,2986
MA,2022,8,0.0,2955
MA,2022,9,0.0,2859
MA,2022,10,0.0,2924
MA,2022,11,0.0,2447
MA,2022,12,0.0,2341
MA,2023,1,0.0,2214
MA,2023,2,0.0,1995
MA,2023,3,0.0,2211
MA,2023,4,0.0,2160
MA,2023,5,0.0,2232
MA,2023,6,0.0,1231
MA,2023,7,0.0,1
MA,2023,8,0.0,0
MA,2023,9,0.0,40
MA,2023,10,0.0,4
MD,2020,3,12.0,74
MD,2020,4,568.0,847
MD,2020,5,490.0,769
MD,2020,6,37.0,199
MD,2020,7,86.0,707
MD,2020,8,181.0,1597
MD,2020,9,150.0,1594
MD,2020,10,164.0,1750
MD,2020,11,360.0,1711
MD,2020,12,954.0,1745
MD,2021,1,836.0,1752
MD,2021,2,531.0,1588
MD,2021,3,323.0,1780
MD,2021,4,381.0,1738
MD,2021,5,249.0,1788
MD,2021,6,79.0,1718
MD,2021,7,36.0,1767
MD,2021,8,142.0,1759
MD,2021,9,329.0,1715
MD,2021,10,336.0,1768
MD,2021,11,255.0,1701
MD,2021,12,528.0,1774
MD,2022,1,852.0,1202
MD,2022,2,221.0,722
MD,2022,3,75.0,825
MD,2022,4,33.0,707
MD,2022,5,59.0,745
MD,2022,6,58.0,711
MD,2022,7,44.0,745
MD,2022,8,91.0,816
MD,2022,9,71.0,839
MD,2022,10,65.0,892
MD,2022,11,81.0,834
MD,2022,12,98.0,851
MD,2023,1,126.0,837
MD,2023,2,72.0,756
MD,2023,3,63.0,837
MD,2023,4,28.0,810
MD,2023,5,17.0,837
MD,2023,6,8.0,677
MD,2023,7,6.0,620
MD,2023,8,18.0,627
MD,2023,9,29.0,620
MD,2023,10,38.0,568
ME,2020,3,4.0,78
ME,2020,4,18.0,723
ME,2020,5,23.0,953
ME,2020,6,10.0,961
ME,2020,7,6.0,864
ME,2020,8,6.0,917
ME,2020,9,6.0,1045
ME,2020,10,2.0,1144
ME,2020,11,36.0,1124
ME,2020,12,88.0,1161
ME,2021,1,83.0,1162
ME,2021,2,43.0,1048
ME,2021,3,22.0,1152
ME,2021,4,27.0,1118
ME,2021,5,39.0,1151
ME,2021,6,22.0,1113
ME,2021,7,6.0,1156
ME,2021,8,33.0,1155
ME,2021,9,79.0,1116
ME,2021,10,78.0,1154
ME,2021,11,106.0,1110
ME,2021,12,166.0,1154
ME,2022,1,97.0,742
ME,2022,2,22.0,323
ME,2022,3,5.0,341
ME,2022,4,1.0,334
ME,2022,5,6.0,323
ME,2022,6,5.0,312
ME,2022,7,4.0,307
ME,2022,8,5.0,297
ME,2022,9,2.0,253
ME,2022,10,5.0,235
ME,2022,11,3.0,235
ME,2022,12,0.0,159
ME,2023,1,2.0,92
ME,2023,2,10.0,78
ME,2023,3,0.0,92
ME,2023,4,0.0,88
ME,2023,5,1.0,76
ME,2023,6,0.0,72
ME,2023,7,0.0,90
ME,2023,8,0.0,79
ME,2023,9,0.0,99
ME,2023,10,0.0,85
MI,2020,3,41.0,118
MI,2020,4,5424.0,2529
MI,2020,5,797.0,3012
MI,2020,6,129.0,2863
MI,2020,7,52.0,2786
MI,2020,8,186.0,3853
MI,2020,9,164.0,4108
MI,2020,10,333.0,4634
MI,2020,11,1260.0,4741
MI,2020,12,1851.0,4881
MI,2021,1,999.0,4913
MI,2021,2,388.0,4441
MI,2021,3,338.0,4910
MI,2021,4,1135.0,4744
MI,2021,5,906.0,4902
MI,2021,6,209.0,4756
MI,2021,7,75.0,4916
MI,2021,8,267.0,4905
MI,2021,9,550.0,4755
MI,2021,10,891.0,4910
MI,2021,11,1412.0,4748
MI,2021,12,2162.0,4886
MI,2022,1,1694.0,4610
MI,2022,2,691.0,4054
MI,2022,3,195.0,4489
MI,2022,4,76.0,4283
MI,2022,5,189.0,4415
MI,2022,6,173.0,4255
MI,2022,7,149.0,4390
MI,2022,8,175.0,4407
MI,2022,9,229.0,4321
MI,2022,10,235.0,4522
MI,2022,11,247.0,4375
MI,2022,12,280.0,4434
MI,2023,1,256.0,4347
MI,2023,2,155.0,4109
MI,2023,3,161.0,4610
MI,2023,4,116.0,4424
MI,2023,5,127.0,4613
MI,2023,6,45.0,4296
MI,2023,7,28.0,4282
MI,2023,8,36.0,4250
MI,2023,9,86.0,4116
MI,2023,10,104.0,3797
MN,2020,1,0.0,31
MN,2020,2,0.0,29
MN,2020,3,4.0,182
MN,2020,4,135.0,2085
MN,2020,5,256.0,3753
MN,2020,6,140.0,3735
MN,2020,7,53.0,3034
MN,2020,8,95.0,3854
MN,2020,9,102.0,3831
MN,2020,10,153.0,4014
MN,2020,11,538.0,4050
MN,2020,12,615.0,4186
MN,2021,1,276.0,4206
MN,2021,2,98.0,3793
MN,2021,3,68.0,4188
MN,2021,4,148.0,4068
MN,2021,5,119.0,4197
MN,2021,6,54.0,4059
MN,2021,7,21.0,4207
MN,2021,8,92.0,4188
MN,2021,9,175.0,4070
MN,2021,10,282.0,4206
MN,2021,11,437.0,4052
MN,2021,12,607.0,4206
MN,2022,1,479.0,4167
MN,2022,2,48.0,293
MN,2022,3,15.0,190
MN,2022,4,5.0,178
MN,2022,5,1.0,190
MN,2022,6,10.0,179
MN,2022,7,9.0,186
MN,2022,8,6.0,185
MN,2022,9,15.0,200
MN,2022,10,9.0,217
MN,2022,11,12.0,212
MN,2022,12,6.0,121
MN,2023,1,0.0,31
MN,2023,2,0.0,28
MN,2023,3,0.0,31
MN,2023,4,0.0,30
MN,2023,5,0.0,31
MN,2023,6,0.0,12
MN,2023,7,0.0,0
MN,2023,8,0.0,0
MN,2023,9,0.0,0
MN,2023,10,0.0,0
MO,2020,2,0.0,7
MO,2020,3,0.0,219
MO,2020,4,220.0,2006
MO,2020,5,305.0,3685
MO,2020,6,151.0,3568
MO,2020,7,167.0,3387
MO,2020,8,281.0,3900
MO,2020,9,405.0,4025
MO,2020,10,659.0,4169
MO,2020,11,1223.0,3974
MO,2020,12,1410.0,4092
MO,2021,1,1114.0,4100
MO,2021,2,419.0,3688
MO,2021,3,237.0,4066
MO,2021,4,166.0,3953
MO,2021,5,182.0,4070
MO,2021,6,214.0,3930
MO,2021,7,512.0,4071
MO,2021,8,1063.0,4071
MO,2021,9,773.0,3979
MO,2021,10,470.0,4119
MO,2021,11,351.0,3933
MO,2021,12,784.0,4118
MO,2022,1,1063.0,2940
MO,2022,2,493.0,1784
MO,2022,3,141.0,1894
MO,2022,4,49.0,1826
MO,2022,5,60.0,1845
MO,2022,6,66.0,1802
MO,2022,7,145.0,1836
MO,2022,8,97.0,1761
MO,2022,9,92.0,1540
MO,2022,10,87.0,1592
MO,2022,11,95.0,1551
MO,2022,12,144.0,1516
MO,2023,1,118.0,1470
MO,2023,2,94.0,1338
MO,2023,3,87.0,1493
MO,2023,4,73.0,1390
MO,2023,5,53.0,1433
MO,2023,6,34.0,1293
MO,2023,7,23.0,1245
MO,2023,8,38.0,1245
MO,2023,9,66.0,1227
MO,2023,10,76.0,1131
MS,2020,2,0.0,11
MS,2020,3,2.0,157
MS,2020,4,345.0,1209
MS,2020,5,582.0,1492
MS,2020,6,181.0,1233
MS,2020,7,332.0,1525
MS,2020,8,553.0,2594
MS,2020,9,322.0,2850
MS,2020,10,789.0,3093
MS,2020,11,1083.0,3109
MS,2020,12,689.0,3233
MS,2021,1,754.0,3245
MS,2021,2,323.0,2909
MS,2021,3,151.0,3207
MS,2021,4,81.0,3118
MS,2021,5,108.0,3210
MS,2021,6,100.0,3108
MS,2021,7,158.0,3227
MS,2021,8,808.0,3249
MS,2021,9,733.0,3154
MS,2021,10,236.0,3262
MS,2021,11,94.0,3158
MS,2021,12,118.0,3292
MS,2022,1,307.0,2275
MS,2022,2,215.0,1509
MS,2022,3,51.0,1624
MS,2022,4,8.0,1545
MS,2022,5,8.0,1544
MS,2022,6,11.0,1524
MS,2022,7,44.0,1625
MS,2022,8,50.0,1597
MS,2022,9,33.0,1407
MS,2022,10,25.0,1425
MS,2022,11,14.0,1344
MS,2022,12,25.0,1325
MS,2023,1,24.0,1225
MS,2023,2,17.0,1100
MS,2023,3,8.0,1160
MS,2023,4,12.0,1095
MS,2023,5,2.0,1026
MS,2023,6,4.0,769
MS,2023,7,1.0,604
MS,2023,8,7.0,540
MS,2023,9,6.0,555
MS,2023,10,2.0,511
MT,2020,1,0.0,31
MT,2020,2,0.0,29
MT,2020,3,36.0,126
MT,2020,4,144.0,722
MT,2020,5,0.0,792
MT,2020,6,3.0,752
MT,2020,7,52.0,1222
MT,2020,8,238.0,1709
MT,2020,9,81.0,1905
MT,2020,10,148.0,2032
MT,2020,11,215.0,1976
MT,2020,12,193.0,2038
MT,2021,1,82.0,2038
MT,2021,2,41.0,1840
MT,2021,3,34.0,2029
MT,2021,4,10.0,1959
MT,2021,5,17.0,2029
MT,2021,6,31.0,1962
MT,2021,7,33.0,2026
MT,2021,8,87.0,1994
MT,2021,9,188.0,1935
MT,2021,10,308.0,2002
MT,2021,11,236.0,1930
MT,2021,12,105.0,1999
MT,2022,1,104.0,1766
MT,2022,2,120.0,1505
MT,2022,3,44.0,1669
MT,2022,4,10.0,1601
MT,2022,5,9.0,1641
MT,2022,6,18.0,1575
MT,2022,7,28.0,1571
MT,2022,8,27.0,1597
MT,2022,9,16.0,1471
MT,2022,10,25.0,1520
MT,2022,11,19.0,1453
MT,2022,12,18.0,1446
MT,2023,1,18.0,1441
MT,2023,2,20.0,1309
MT,2023,3,20.0,1469
MT,2023,4,12.0,1439
MT,2023,5,16.0,1439
MT,2023,6,10.0,1321
MT,2023,7,10.0,1271
MT,2023,8,9.0,1297
MT,2023,9,17.0,1254
MT,2023,10,10.0,1209
NC,2020,1,0.0,31
NC,2020,2,0.0,29
NC,2020,3,1.0,118
NC,2020,4,268.0,1757
NC,2020,5,139.0,1430
NC,2020,6,111.0,1213
NC,2020,7,309.0,2261
NC,2020,8,528.0,3512
NC,2020,9,475.0,3552
NC,2020,10,525.0,3786
NC,2020,11,695.0,3705
NC,2020,12,1314.0,3861
NC,2021,1,1979.0,3862
NC,2021,2,1038.0,3480
NC,2021,3,545.0,3833
NC,2021,4,486.0,3735
NC,2021,5,499.0,3852
NC,2021,6,366.0,3734
NC,2021,7,494.0,3884
NC,2021,8,1151.0,3869
NC,2021,9,1787.0,3765
NC,2021,10,1178.0,3891
NC,2021,11,646.0,3744
NC,2021,12,753.0,3882
NC,2022,1,1472.0,3565
NC,2022,2,1134.0,3049
NC,2022,3,522.0,3371
NC,2022,4,287.0,3247
NC,2022,5,304.0,3363
NC,2022,6,352.0,3264
NC,2022,7,425.0,3357
NC,2022,8,442.0,3323
NC,2022,9,384.0,3113
NC,2022,10,431.0,3189
NC,2022,11,411.0,3104
NC,2022,12,459.0,3243
NC,2023,1,552.0,3275
NC,2023,2,364.0,2962
NC,2023,3,359.0,3258
NC,2023,4,307.0,3143
NC,2023,5,265.0,3252
NC,2023,6,276.0,3120
NC,2023,7,288.0,3185
NC,2023,8,310.0,3178
NC,2023,9,338.0,3089
NC,2023,10,341.0,2879
ND,2020,3,0.0,74
ND,2020,4,188.0,567
ND,2020,5,13.0,793
ND,2020,6,0.0,810
ND,2020,7,3.0,1497
ND,2020,8,21.0,1473
ND,2020,9,35.0,1432
ND,2020,10,109.0,1515
ND,2020,11,152.0,1478
ND,2020,12,91.0,1526
ND,2021,1,39.0,1526
ND,2021,2,16.0,1375
ND,2021,3,8.0,1514
ND,2021,4,8.0,1475
ND,2021,5,9.0,1523
ND,2021,6,5.0,1311
ND,2021,7,11.0,1503
ND,2021,8,14.0,1520
ND,2021,9,24.0,1472
ND,2021,10,68.0,1524
ND,2021,11,83.0,1471
ND,2021,12,49.0,1516
ND,2022,1,55.0,1396
ND,2022,2,52.0,1124
ND,2022,3,31.0,1219
ND,2022,4,19.0,1121
ND,2022,5,16.0,1126
ND,2022,6,18.0,1099
ND,2022,7,20.0,1108
ND,2022,8,30.0,1138
ND,2022,9,11.0,1063
ND,2022,10,0.0,1067
ND,2022,11,4.0,1055
ND,2022,12,4.0,666
ND,2023,1,3.0,796
ND,2023,2,2.0,718
ND,2023,3,1.0,787
ND,2023,4,0.0,727
ND,2023,5,0.0,743
ND,2023,6,27.0,722
ND,2023,7,0.0,675
ND,2023,8,0.0,673
ND,2023,9,0.0,630
ND,2023,10,0.0,590
NE,2020,3,3.0,211
NE,2020,4,88.0,1909
NE,2020,5,98.0,2557
NE,2020,6,69.0,2485
NE,2020,7,30.0,2464
NE,2020,8,64.0,2269
NE,2020,9,80.0,2533
NE,2020,10,142.0,2872
NE,2020,11,395.0,2953
NE,2020,12,328.0,3091
NE,2021,1,198.0,3094
NE,2021,2,72.0,2795
NE,2021,3,34.0,3095
NE,2021,4,35.0,2992
NE,2021,5,45.0,3092
NE,2021,6,13.0,3000
NE,2021,7,32.0,3060
NE,2021,8,83.0,3052
NE,2021,9,140.0,2947
NE,2021,10,151.0,3043
NE,2021,11,175.0,2907
NE,2021,12,242.0,3008
NE,2022,1,227.0,2684
NE,2022,2,160.0,2268
NE,2022,3,47.0,2469
NE,2022,4,8.0,2305
NE,2022,5,9.0,2332
NE,2022,6,12.0,2302
NE,2022,7,82.0,2320
NE,2022,8,47.0,2332
NE,2022,9,22.0,2030
NE,2022,10,10.0,1001
NE,2022,11,18.0,576
NE,2022,12,11.0,268
NE,2023,1,0.0,158
NE,2023,2,0.0,162
NE,2023,3,0.0,160
NE,2023,4,1.0,157
NE,2023,5,0.0,156
NE,2023,6,0.0,166
NE,2023,7,0.0,176
NE,2023,8,0.0,153
NE,2023,9,1.0,140
NE,2023,10,0.0,128
NH,2020,3,1.0,17
NH,2020,4,25.0,420
NH,2020,5,39.0,438
NH,2020,6,11.0,344
NH,2020,7,3.0,587
NH,2020,8,4.0,924
NH,2020,9,3.0,900
NH,2020,10,13.0,928
NH,2020,11,12.0,891
NH,2020,12,80.0,920
NH,2021,1,104.0,914
NH,2021,2,35.0,824
NH,2021,3,30.0,912
NH,2021,4,15.0,887
NH,2021,5,17.0,912
NH,2021,6,5.0,882
NH,2021,7,6.0,916
NH,2021,8,18.0,920
NH,2021,9,26.0,892
NH,2021,10,53.0,922
NH,2021,11,78.0,891
NH,2021,12,133.0,922
NH,2022,1,86.0,707
NH,2022,2,14.0,216
NH,2022,3,3.0,223
NH,2022,4,0.0,215
NH,2022,5,2.0,228
NH,2022,6,2.0,211
NH,2022,7,3.0,229
NH,2022,8,4.0,227
NH,2022,9,3.0,198
NH,2022,10,4.0,192
NH,2022,11,9.0,185
NH,2022,12,12.0,204
NH,2023,1,6.0,217
NH,2023,2,5.0,196
NH,2023,3,1.0,129
NH,2023,4,0.0,90
NH,2023,5,0.0,93
NH,2023,6,0.0,90
NH,2023,7,0.0,93
NH,2023,8,0.0,93
NH,2023,9,0.0,100
NH,2023,10,0.0,85
NJ,2020,3,26.0,23
NJ,2020,4,1651.0,821
NJ,2020,5,644.0,785
NJ,2020,6,170.0,699
NJ,2020,7,298.0,1011
NJ,2020,8,277.0,2158
NJ,2020,9,294.0,2496
NJ,2020,10,396.0,2841
NJ,2020,11,790.0,2669
NJ,2020,12,1838.0,2791
NJ,2021,1,1815.0,2801
NJ,2021,2,1058.0,2516
NJ,2021,3,729.0,2765
NJ,2021,4,742.0,2713
NJ,2021,5,399.0,2783
NJ,2021,6,92.0,2688
NJ,2021,7,88.0,2807
NJ,2021,8,246.0,2795
NJ,2021,9,425.0,2728
NJ,2021,10,408.0,2819
NJ,2021,11,252.0,2690
NJ,2021,12,635.0,2812
NJ,2022,1,2078.0,2801
NJ,2022,2,629.0,2499
NJ,2022,3,220.0,2761
NJ,2022,4,101.0,2684
NJ,2022,5,183.0,2746
NJ,2022,6,187.0,2684
NJ,2022,7,211.0,2779
NJ,2022,8,224.0,2744
NJ,2022,9,196.0,2617
NJ,2022,10,251.0,2660
NJ,2022,11,281.0,2566
NJ,2022,12,147.0,1523
NJ,2023,1,2.0,289
NJ,2023,2,3.0,254
NJ,2023,3,0.0,289
NJ,2023,4,1.0,281
NJ,2023,5,1.0,300
NJ,2023,6,1.0,204
NJ,2023,7,0.0,146
NJ,2023,8,0.0,146
NJ,2023,9,1.0,172
NJ,2023,10,3.0,135
NM,2020,3,4.0,65
NM,2020,4,138.0,664
NM,2020,5,111.0,792
NM,2020,6,123.0,704
NM,2020,7,54.0,704
NM,2020,8,61.0,1314
NM,2020,9,20.0,1455
NM,2020,10,75.0,1564
NM,2020,11,333.0,1486
NM,2020,12,473.0,1629
NM,2021,1,357.0,1649
NM,2021,2,185.0,1485
NM,2021,3,80.0,1637
NM,2021,4,83.0,1590
NM,2021,5,48.0,1643
NM,2021,6,29.0,1601
NM,2021,7,36.0,1666
NM,2021,8,122.0,1663
NM,2021,9,192.0,1616
NM,2021,10,149.0,1663
NM,2021,11,265.0,1624
NM,2021,12,352.0,1693
NM,2022,1,255.0,1488
NM,2022,2,119.0,1254
NM,2022,3,41.0,1335
NM,2022,4,8.0,1278
NM,2022,5,6.0,1328
NM,2022,6,5.0,1305
NM,2022,7,11.0,1369
NM,2022,8,9.0,1358
NM,2022,9,6.0,1279
NM,2022,10,4.0,1299
NM,2022,11,6.0,1187
NM,2022,12,10.0,1251
NM,2023,1,5.0,1229
NM,2023,2,2.0,1140
NM,2023,3,1.0,1226
NM,2023,4,42.0,1176
NM,2023,5,2.0,1213
NM,2023,6,22.0,504
NM,2023,7,0.0,91
NM,2023,8,0.0,72
NM,2023,9,0.0,75
NM,2023,10,0.0,70
NV,2020,1,145.0,303
NV,2020,2,0.0,29
NV,2020,3,19.0,162
NV,2020,4,162.0,1486
NV,2020,5,138.0,1814
NV,2020,6,68.0,1700
NV,2020,7,316.0,1829
NV,2020,8,426.0,1857
NV,2020,9,267.0,1757
NV,2020,10,134.0,1835
NV,2020,11,393.0,1768
NV,2020,12,896.0,1853
NV,2021,1,929.0,1867
NV,2021,2,482.0,1684
NV,2021,3,171.0,1855
NV,2021,4,125.0,1805
NV,2021,5,123.0,1862
NV,2021,6,83.0,1804
NV,2021,7,289.0,1871
NV,2021,8,570.0,1850
NV,2021,9,553.0,1788
NV,2021,10,412.0,1848
NV,2021,11,311.0,1780
NV,2021,12,364.0,1830
NV,2022,1,526.0,1501
NV,2022,2,6.0,176
NV,2022,3,0.0,159
NV,2022,4,1.0,154
NV,2022,5,0.0,149
NV,2022,6,0.0,148
NV,2022,7,0.0,148
NV,2022,8,0.0,155
NV,2022,9,0.0,87
NV,2022,10,0.0,52
NV,2022,11,11.0,65
NV,2022,12,13.0,147
NV,2023,1,26.0,201
NV,2023,2,44.0,168
NV,2023,3,21.0,185
NV,2023,4,5.0,174
NV,2023,5,7.0,186
NV,2023,6,7.0,163
NV,2023,7,3.0,156
NV,2023,8,5.0,155
NV,2023,9,6.0,180
NV,2023,10,8.0,143
NY,2020,3,535.0,219
NY,2020,4,10207.0,3109
NY,2020,5,32359.0,3364
NY,2020,6,6998.0,2849
NY,2020,7,285.0,3192
NY,2020,8,527.0,4391
NY,2020,9,490.0,4537
NY,2020,10,438.0,5002
NY,2020,11,825.0,5391
NY,2020,12,2633.0,5855
NY,2021,1,4146.0,5937
NY,2021,2,3061.0,5353
NY,2021,3,2102.0,5896
NY,2021,4,1456.0,5744
NY,2021,5,800.0,5904
NY,2021,6,334.0,5734
NY,2021,7,233.0,5964
NY,2021,8,585.0,5912
NY,2021,9,982.0,5765
NY,2021,10,1026.0,5950
NY,2021,11,1013.0,5684
NY,2021,12,1881.0,5929
NY,2022,1,2300.0,3405
NY,2022,2,690.0,2040
NY,2022,3,256.0,2183
NY,2022,4,205.0,2013
NY,2022,5,215.0,2009
NY,2022,6,237.0,1945
NY,2022,7,301.0,1992
NY,2022,8,323.0,1936
NY,2022,9,274.0,1745
NY,2022,10,352.0,1833
NY,2022,11,331.0,1681
NY,2022,12,511.0,1434
NY,2023,1,465.0,1195
NY,2023,2,323.0,1097
NY,2023,3,244.0,1188
NY,2023,4,177.0,1121
NY,2023,5,190.0,1108
NY,2023,6,168.0,957
NY,2023,7,135.0,994
NY,2023,8,161.0,978
NY,2023,9,202.0,891
NY,2023,10,213.0,812
OH,2020,3,12.0,274
OH,2020,4,228.0,2107
OH,2020,5,136.0,1690
OH,2020,6,27.0,1065
OH,2020,7,136.0,2086
OH,2020,8,171.0,2526
OH,2020,9,267.0,3224
OH,2020,10,489.0,5965
OH,2020,11,1261.0,6281
OH,2020,12,2768.0,6706
OH,2021,1,2095.0,6751
OH,2021,2,1038.0,6101
OH,2021,3,462.0,6726
OH,2021,4,348.0,6552
OH,2021,5,345.0,6729
OH,2021,6,252.0,6510
OH,2021,7,138.0,6789
OH,2021,8,486.0,6733
OH,2021,9,1404.0,6592
OH,2021,10,1763.0,6814
OH,2021,11,1247.0,6503
OH,2021,12,2445.0,6804
OH,2022,1,1939.0,4594
OH,2022,2,309.0,1838
OH,2022,3,45.0,2045
OH,2022,4,14.0,1864
OH,2022,5,29.0,1800
OH,2022,6,29.0,1757
OH,2022,7,44.0,1847
OH,2022,8,54.0,1656
OH,2022,9,47.0,1294
OH,2022,10,43.0,1308
OH,2022,11,54.0,1260
OH,2022,12,43.0,1223
OH,2023,1,70.0,1158
OH,2023,2,30.0,1040
OH,2023,3,29.0,1147
OH,2023,4,22.0,1106
OH,2023,5,11.0,1166
OH,2023,6,6.0,927
OH,2023,7,5.0,732
OH,2023,8,4.0,725
OH,2023,9,7.0,768
OH,2023,10,4.0,687
OK,2020,3,65.0,292
OK,2020,4,186.0,2334
OK,2020,5,126.0,2649
OK,2020,6,57.0,2494
OK,2020,7,139.0,2188
OK,2020,8,196.0,3378
OK,2020,9,253.0,3934
OK,2020,10,322.0,4505
OK,2020,11,617.0,4438
OK,2020,12,996.0,4577
OK,2021,1,1071.0,4558
OK,2021,2,457.0,4118
OK,2021,3,154.0,4506
OK,2021,4,75.0,4375
OK,2021,5,56.0,4457
OK,2021,6,42.0,4296
OK,2021,7,108.0,4464
OK,2021,8,619.0,4421
OK,2021,9,710.0,4314
OK,2021,10,368.0,4521
OK,2021,11,200.0,4334
OK,2021,12,320.0,4497
OK,2022,1,532.0,3311
OK,2022,2,239.0,1172
OK,2022,3,59.0,1325
OK,2022,4,11.0,1245
OK,2022,5,20.0,1255
OK,2022,6,17.0,1227
OK,2022,7,35.0,1258
OK,2022,8,45.0,1214
OK,2022,9,31.0,1104
OK,2022,10,68.0,1133
OK,2022,11,21.0,1060
OK,2022,12,51.0,1043
OK,2023,1,50.0,993
OK,2023,2,42.0,874
OK,2023,3,27.0,962
OK,2023,4,20.0,904
OK,2023,5,8.0,925
OK,2023,6,10.0,891
OK,2023,7,5.0,861
OK,2023,8,15.0,846
OK,2023,9,22.0,855
OK,2023,10,17.0,762
OR,2020,2,0.0,6
OR,2020,3,0.0,77
OR,2020,4,70.0,881
OR,2020,5,19.0,1115
OR,2020,6,26.0,1154
OR,2020,7,1008.0,1169
OR,2020,8,9778.0,1618
OR,2020,9,141.0,1648
OR,2020,10,49.0,1766
OR,2020,11,142.0,1832
OR,2020,12,243.0,1901
OR,2021,1,166.0,1909
OR,2021,2,68.0,1720
OR,2021,3,53.0,1904
OR,2021,4,64.0,1846
OR,2021,5,151.0,1904
OR,2021,6,70.0,1818
OR,2021,7,51.0,1890
OR,2021,8,360.0,1904
OR,2021,9,570.0,1844
OR,2021,10,394.0,1906
OR,2021,11,252.0,1837
OR,2021,12,213.0,1906
OR,2022,1,364.0,1565
OR,2022,2,296.0,1283
OR,2022,3,132.0,1399
OR,2022,4,68.0,1304
OR,2022,5,105.0,1325
OR,2022,6,102.0,1273
OR,2022,7,117.0,1316
OR,2022,8,110.0,1317
OR,2022,9,87.0,1282
OR,2022,10,219.0,1315
OR,2022,11,98.0,1273
OR,2022,12,129.0,1201
OR,2023,1,106.0,1132
OR,2023,2,70.0,1007
OR,2023,3,78.0,982
OR,2023,4,63.0,930
OR,2023,5,58.0,961
OR,2023,6,50.0,931
OR,2023,7,72.0,978
OR,2023,8,56.0,959
OR,2023,9,64.0,928
OR,2023,10,56.0,839
PA,2020,3,53.0,275
PA,2020,4,1626.0,3785
PA,2020,5,1737.0,4462
PA,2020,6,426.0,4192
PA,2020,7,273.0,4132
PA,2020,8,256.0,5409
PA,2020,9,256.0,5750
PA,2020,10,436.0,6084
PA,2020,11,1226.0,6290
PA,2020,12,3399.0,6547
PA,2021,1,2826.0,6686
PA,2021,2,1232.0,6039
PA,2021,3,604.0,6665
PA,2021,4,846.0,6522
PA,2021,5,600.0,6696
PA,2021,6,293.0,6449
PA,2021,7,140.0,6692
PA,2021,8,448.0,6678
PA,2021,9,900.0,6487
PA,2021,10,1462.0,6703
PA,2021,11,1476.0,6479
PA,2021,12,2536.0,6783
PA,2022,1,2661.0,6296
PA,2022,2,1021.0,5457
PA,2022,3,347.0,5744
PA,2022,4,181.0,5573
PA,2022,5,322.0,5700
PA,2022,6,312.0,5510
PA,2022,7,332.0,5829
PA,2022,8,429.0,5837
PA,2022,9,60.0,999
PA,2022,10,11.0,768
PA,2022,11,7.0,730
PA,2022,12,5.0,669
PA,2023,1,5.0,613
PA,2023,2,7.0,558
PA,2023,3,4.0,620
PA,2023,4,2.0,610
PA,2023,5,0.0,610
PA,2023,6,0.0,461
PA,2023,7,0.0,403
PA,2023,8,1.0,386
PA,2023,9,6.0,480
PA,2023,10,3.0,333
PR,2020,1,0.0,5
PR,2020,3,4.0,53
PR,2020,4,32.0,540
PR,2020,5,3.0,197
PR,2020,6,0.0,134
PR,2020,7,18.0,340
PR,2020,8,183.0,1929
PR,2020,9,230.0,1925
PR,2020,10,348.0,1981
PR,2020,11,723.0,1931
PR,2020,12,1250.0,2017
PR,2021,1,756.0,2046
PR,2021,2,967.0,1853
PR,2021,3,844.0,2046
PR,2021,4,1103.0,1996
PR,2021,5,173.0,2036
PR,2021,6,32.0,1920
PR,2021,7,65.0,1994
PR,2021,8,228.0,1989
PR,2021,9,247.0,1920
PR,2021,10,51.0,1994
PR,2021,11,24.0,1920
PR,2021,12,26.0,1993
PR,2022,1,222.0,1281
PR,2022,2,13.0,235
PR,2022,3,2.0,243
PR,2022,4,3.0,245
PR,2022,5,43.0,251
PR,2022,6,20.0,238
PR,2022,7,10.0,245
PR,2022,8,9.0,200
PR,2022,9,24.0,153
PR,2022,10,14.0,138
PR,2022,11,10.0,160
PR,2022,12,14.0,196
PR,2023,1,19.0,164
PR,2023,2,13.0,109
PR,2023,3,9.0,112
PR,2023,4,3.0,96
PR,2023,5,6.0,107
PR,2023,6,11.0,104
PR,2023,7,9.0,124
PR,2023,8,7.0,137
PR,2023,9,5.0,124
PR,2023,10,3.0,87
RI,2020,3,1.0,50
RI,2020,4,123.0,301
RI,2020,5,125.0,335
RI,2020,6,34.0,296
RI,2020,7,9.0,314
RI,2020,8,23.0,394
RI,2020,9,23.0,408
RI,2020,10,45.0,432
RI,2020,11,84.0,415
RI,2020,12,254.0,433
RI,2021,1,247.0,434
RI,2021,2,82.0,392
RI,2021,3,48.0,434
RI,2021,4,55.0,406
RI,2021,5,51.0,425
RI,2021,6,37.0,410
RI,2021,7,20.0,412
RI,2021,8,55.0,423
RI,2021,9,55.0,412
RI,2021,10,36.0,426
RI,2021,11,68.0,409
RI,2021,12,160.0,426
RI,2022,1,94.0,201
RI,2022,2,6.0,49
RI,2022,3,3.0,53
RI,2022,4,1.0,52
RI,2022,5,2.0,52
RI,2022,6,0.0,52
RI,2022,7,0.0,54
RI,2022,8,0.0,46
RI,2022,9,1.0,30
RI,2022,10,1.0,36
RI,2022,11,1.0,30
RI,2022,12,2.0,15
RI,2023,1,0.0,0
RI,2023,2,0.0,0
RI,2023,3,0.0,2
RI,2023,4,0.0,5
RI,2023,5,0.0,31
RI,2023,6,0.0,32
RI,2023,7,0.0,31
RI,2023,8,0.0,31
RI,2023,9,0.0,39
RI,2023,10,2.0,29
SC,2020,3,2.0,40
SC,2020,4,342.0,1637
SC,2020,5,403.0,2009
SC,2020,6,178.0,1915
SC,2020,7,598.0,1938
SC,2020,8,617.0,2298
SC,2020,9,348.0,2355
SC,2020,10,419.0,2471
SC,2020,11,383.0,2403
SC,2020,12,747.0,2501
SC,2021,1,1301.0,2499
SC,2021,2,688.0,2236
SC,2021,3,361.0,2457
SC,2021,4,207.0,2422
SC,2021,5,143.0,2473
SC,2021,6,63.0,2382
SC,2021,7,91.0,2497
SC,2021,8,722.0,2550
SC,2021,9,1470.0,2485
SC,2021,10,792.0,2570
SC,2021,11,286.0,2460
SC,2021,12,310.0,2572
SC,2022,1,686.0,2127
SC,2022,2,542.0,1681
SC,2022,3,97.0,1811
SC,2022,4,33.0,1765
SC,2022,5,34.0,1796
SC,2022,6,37.0,1750
SC,2022,7,77.0,1802
SC,2022,8,131.0,1731
SC,2022,9,82.0,1393
SC,2022,10,68.0,1372
SC,2022,11,38.0,1318
SC,2022,12,70.0,1210
SC,2023,1,105.0,1089
SC,2023,2,54.0,999
SC,2023,3,28.0,1119
SC,2023,4,22.0,1109
SC,2023,5,14.0,1146
SC,2023,6,11.0,1047
SC,2023,7,21.0,1039
SC,2023,8,24.0,1044
SC,2023,9,49.0,1075
SC,2023,10,23.0,895
SD,2020,3,0.0,42
SD,2020,4,2.0,690
SD,2020,5,10.0,835
SD,2020,6,11.0,724
SD,2020,7,13.0,1008
SD,2020,8,10.0,1544
SD,2020,9,34.0,1705
SD,2020,10,72.0,1882
SD,2020,11,204.0,1844
SD,2020,12,175.0,1905
SD,2021,1,79.0,1906
SD,2021,2,30.0,1720
SD,2021,3,11.0,1902
SD,2021,4,20.0,1846
SD,2021,5,19.0,1904
SD,2021,6,7.0,1842
SD,2021,7,6.0,1908
SD,2021,8,18.0,1912
SD,2021,9,143.0,1852
SD,2021,10,76.0,1914
SD,2021,11,56.0,1850
SD,2021,12,107.0,1914
SD,2022,1,71.0,977
SD,2022,2,27.0,277
SD,2022,3,10.0,247
SD,2022,4,3.0,218
SD,2022,5,1.0,195
SD,2022,6,63.0,186
SD,2022,7,2.0,187
SD,2022,8,2.0,171
SD,2022,9,2.0,137
SD,2022,10,2.0,150
SD,2022,11,0.0,138
SD,2022,12,0.0,154
SD,2023,1,1.0,144
SD,2023,2,5.0,118
SD,2023,3,1.0,81
SD,2023,4,0.0,62
SD,2023,5,0.0,38
SD,2023,6,0.0,16
SD,2023,7,0.0,4
SD,2023,8,0.0,5
SD,2023,9,9.0,14
SD,2023,10,0.0,5
TN,2020,3,5.0,62
TN,2020,4,185.0,1675
TN,2020,5,76.0,1897
TN,2020,6,79.0,1573
TN,2020,7,409.0,2577
TN,2020,8,539.0,3318
TN,2020,9,462.0,3634
TN,2020,10,596.0,4013
TN,2020,11,1875.0,3473
TN,2020,12,1541.0,3487
TN,2021,1,1818.0,3465
TN,2021,2,641.0,3114
TN,2021,3,362.0,3418
TN,2021,4,460.0,3321
TN,2021,5,308.0,3422
TN,2021,6,138.0,3357
TN,2021,7,162.0,3469
TN,2021,8,1071.0,3477
TN,2021,9,2207.0,3364
TN,2021,10,1186.0,3936
TN,2021,11,469.0,3982
TN,2021,12,617.0,4163
TN,2022,1,1390.0,4009
TN,2022,2,489.0,1846
TN,2022,3,157.0,1796
TN,2022,4,37.0,1745
TN,2022,5,37.0,1763
TN,2022,6,79.0,1728
TN,2022,7,103.0,1783
TN,2022,8,107.0,1701
TN,2022,9,88.0,1385
TN,2022,10,78.0,1370
TN,2022,11,81.0,1265
TN,2022,12,94.0,1249
TN,2023,1,124.0,1204
TN,2023,2,71.0,1099
TN,2023,3,74.0,1172
TN,2023,4,53.0,1152
TN,2023,5,29.0,1184
TN,2023,6,18.0,1080
TN,2023,7,22.0,1007
TN,2023,8,25.0,1002
TN,2023,9,56.0,1143
TN,2023,10,24.0,958
TX,2020,1,0.0,31
TX,2020,2,0.0,20
TX,2020,3,66.0,824
TX,2020,4,543.0,7735
TX,2020,5,956.0,9106
TX,2020,6,699.0,7731
TX,2020,7,4101.0,10248
TX,2020,8,3465.0,16625
TX,2020,9,1574.0,16418
TX,2020,10,1832.0,17769
TX,2020,11,3345.0,17371
TX,2020,12,4969.0,18048
TX,2021,1,6872.0,18161
TX,2021,2,4140.0,16395
TX,2021,3,1921.0,18178
TX,2021,4,993.0,17641
TX,2021,5,798.0,18245
TX,2021,6,516.0,17436
TX,2021,7,879.0,17439
TX,2021,8,4608.0,17436
TX,2021,9,6333.0,17028
TX,2021,10,3120.0,17631
TX,2021,11,1261.0,16410
TX,2021,12,1448.0,17590
TX,2022,1,3952.0,17269
TX,2022,2,2968.0,15599
TX,2022,3,737.0,17292
TX,2022,4,247.0,16789
TX,2022,5,183.0,17151
TX,2022,6,303.0,16717
TX,2022,7,633.0,17312
TX,2022,8,629.0,17046
TX,2022,9,439.0,15024
TX,2022,10,300.0,14987
TX,2022,11,283.0,14034
TX,2022,12,564.0,14360
TX,2023,1,716.0,13827
TX,2023,2,302.0,7474
TX,2023,3,74.0,1909
TX,2023,4,50.0,1853
TX,2023,5,45.0,2003
TX,2023,6,31.0,1830
TX,2023,7,32.0,1781
TX,2023,8,64.0,1796
TX,2023,9,72.0,2053
TX,2023,10,65.0,1637
UT,2020,3,0.0,11
UT,2020,4,38.0,1136
UT,2020,5,31.0,1149
UT,2020,6,27.0,994
UT,2020,7,29.0,1183
UT,2020,8,26.0,1559
UT,2020,9,11.0,1556
UT,2020,10,41.0,1666
UT,2020,11,75.0,1684
UT,2020,12,115.0,1747
UT,2021,1,81.0,1750
UT,2021,2,27.0,1576
UT,2021,3,25.0,1739
UT,2021,4,15.0,1695
UT,2021,5,12.0,1775
UT,2021,6,16.0,1710
UT,2021,7,23.0,1775
UT,2021,8,67.0,1769
UT,2021,9,86.0,1696
UT,2021,10,110.0,1751
UT,2021,11,78.0,1681
UT,2021,12,78.0,1750
UT,2022,1,66.0,1501
UT,2022,2,42.0,1219
UT,2022,3,11.0,1326
UT,2022,4,2.0,1286
UT,2022,5,2.0,1275
UT,2022,6,10.0,1221
UT,2022,7,8.0,1253
UT,2022,8,4.0,1226
UT,2022,9,3.0,1136
UT,2022,10,1.0,1171
UT,2022,11,6.0,1132
UT,2022,12,10.0,767
UT,2023,1,6.0,439
UT,2023,2,2.0,396
UT,2023,3,3.0,436
UT,2023,4,2.0,417
UT,2023,5,2.0,424
UT,2023,6,3.0,395
UT,2023,7,0.0,394
UT,2023,8,4.0,394
UT,2023,9,3.0,393
UT,2023,10,3.0,362
VA,2020,3,2.0,21
VA,2020,4,175.0,1058
VA,2020,5,155.0,1367
VA,2020,6,87.0,1181
VA,2020,7,104.0,1489
VA,2020,8,215.0,2240
VA,2020,9,226.0,2630
VA,2020,10,258.0,3101
VA,2020,11,395.0,3060
VA,2020,12,870.0,3161
VA,2021,1,1312.0,3135
VA,2021,2,797.0,2802
VA,2021,3,402.0,3086
VA,2021,4,309.0,3009
VA,2021,5,241.0,3085
VA,2021,6,110.0,2981
VA,2021,7,82.0,3108
VA,2021,8,386.0,3136
VA,2021,9,859.0,3076
VA,2021,10,750.0,3176
VA,2021,11,451.0,3062
VA,2021,12,780.0,3176
VA,2022,1,1264.0,2644
VA,2022,2,685.0,2060
VA,2022,3,328.0,2173
VA,2022,4,183.0,2058
VA,2022,5,223.0,2135
VA,2022,6,217.0,2090
VA,2022,7,278.0,2142
VA,2022,8,256.0,2103
VA,2022,9,262.0,1837
VA,2022,10,235.0,1803
VA,2022,11,370.0,1701
VA,2022,12,371.0,1888
VA,2023,1,333.0,1958
VA,2023,2,206.0,1762
VA,2023,3,337.0,1952
VA,2023,4,114.0,1888
VA,2023,5,171.0,1957
VA,2023,6,196.0,1857
VA,2023,7,198.0,1861
VA,2023,8,220.0,1861
VA,2023,9,158.0,1887
VA,2023,10,112.0,1714
VI,2020,4,0.0,0
VI,2020,5,0.0,0
VI,2020,6,0.0,0
VI,2020,7,1.0,22
VI,2020,8,3.0,62
VI,2020,9,4.0,60
VI,2020,10,0.0,62
VI,2020,11,3.0,60
VI,2020,12,0.0,62
VI,2021,1,0.0,62
VI,2021,2,0.0,56
VI,2021,3,0.0,62
VI,2021,4,1.0,60
VI,2021,5,0.0,62
VI,2021,6,2.0,60
VI,2021,7,7.0,62
VI,2021,8,13.0,62
VI,2021,9,11.0,60
VI,2021,10,7.0,62
VI,2021,11,2.0,60
VI,2021,12,1.0,62
VI,2022,1,0.0,16
VI,2022,2,0.0,0
VI,2022,3,0.0,0
VI,2022,4,0.0,0
VI,2022,5,0.0,0
VI,2022,6,0.0,0
VI,2022,7,0.0,0
VI,2022,8,0.0,0
VI,2022,9,0.0,0
VI,2022,10,0.0,0
VI,2022,11,0.0,0
VI,2022,12,0.0,14
VI,2023,1,0.0,31
VI,2023,2,0.0,28
VI,2023,3,0.0,31
VI,2023,4,0.0,30
VI,2023,5,0.0,31
VI,2023,6,0.0,30
VI,2023,7,0.0,31
VI,2023,8,0.0,31
VI,2023,9,0.0,30
VI,2023,10,0.0,28
VT,2020,3,0.0,37
VT,2020,4,12.0,300
VT,2020,5,3.0,354
VT,2020,6,2.0,330
VT,2020,7,2.0,299
VT,2020,8,3.0,400
VT,2020,9,0.0,476
VT,2020,10,1.0,496
VT,2020,11,3.0,458
VT,2020,12,6.0,496
VT,2021,1,8.0,496
VT,2021,2,13.0,448
VT,2021,3,11.0,496
VT,2021,4,7.0,480
VT,2021,5,2.0,496
VT,2021,6,1.0,480
VT,2021,7,1.0,496
VT,2021,8,6.0,496
VT,2021,9,14.0,480
VT,2021,10,12.0,496
VT,2021,11,16.0,480
VT,2021,12,40.0,496
VT,2022,1,32.0,496
VT,2022,2,5.0,28
VT,2022,3,5.0,31
VT,2022,4,6.0,30
VT,2022,5,7.0,31
VT,2022,6,4.0,89
VT,2022,7,4.0,263
VT,2022,8,42.0,253
VT,2022,9,4.0,224
VT,2022,10,5.0,200
VT,2022,11,7.0,168
VT,2022,12,6.0,117
VT,2023,1,7.0,71
VT,2023,2,7.0,62
VT,2023,3,5.0,68
VT,2023,4,5.0,71
VT,2023,5,1.0,70
VT,2023,6,0.0,66
VT,2023,7,1.0,74
VT,2023,8,3.0,71
VT,2023,9,2.0,70
VT,2023,10,4.0,67
WA,2020,2,0.0,2
WA,2020,3,13.0,147
WA,2020,4,224.0,1479
WA,2020,5,106.0,1804
WA,2020,6,93.0,1807
WA,2020,7,106.0,1873
WA,2020,8,140.0,2571
WA,2020,9,78.0,2838
WA,2020,10,110.0,3034
WA,2020,11,211.0,3017
WA,2020,12,486.0,3116
WA,2021,1,345.0,3116
WA,2021,2,237.0,2804
WA,2021,3,111.0,3088
WA,2021,4,169.0,3009
WA,2021,5,176.0,3072
WA,2021,6,152.0,2982
WA,2021,7,109.0,3105
WA,2021,8,421.0,3087
WA,2021,9,744.0,3002
WA,2021,10,511.0,3105
WA,2021,11,486.0,2990
WA,2021,12,386.0,3106
WA,2022,1,708.0,2771
WA,2022,2,538.0,2392
WA,2022,3,200.0,2646
WA,2022,4,137.0,2567
WA,2022,5,114.0,2605
WA,2022,6,259.0,2523
WA,2022,7,191.0,2297
WA,2022,8,158.0,1154
WA,2022,9,133.0,1055
WA,2022,10,86.0,1056
WA,2022,11,134.0,1014
WA,2022,12,158.0,752
WA,2023,1,123.0,668
WA,2023,2,122.0,626
WA,2023,3,110.0,682
WA,2023,4,83.0,660
WA,2023,5,77.0,661
WA,2023,6,22.0,184
WA,2023,7,7.0,83
WA,2023,8,3.0,57
WA,2023,9,10.0,84
WA,2023,10,3.0,70
WI,2020,3,2.0,103
WI,2020,4,60.0,1603
WI,2020,5,52.0,3262
WI,2020,6,26.0,3245
WI,2020,7,431.0,3046
WI,2020,8,1481.0,3592
WI,2020,9,1570.0,3939
WI,2020,10,1370.0,4317
WI,2020,11,989.0,4338
WI,2020,12,842.0,4482
WI,2021,1,551.0,4481
WI,2021,2,257.0,4061
WI,2021,3,133.0,4480
WI,2021,4,107.0,4338
WI,2021,5,131.0,4472
WI,2021,6,40.0,4325
WI,2021,7,62.0,4485
WI,2021,8,193.0,4468
WI,2021,9,426.0,4334
WI,2021,10,482.0,4475
WI,2021,11,487.0,4304
WI,2021,12,796.0,4463
WI,2022,1,477.0,2192
WI,2022,2,35.0,661
WI,2022,3,13.0,717
WI,2022,4,7.0,731
WI,2022,5,14.0,777
WI,2022,6,13.0,752
WI,2022,7,19.0,790
WI,2022,8,16.0,781
WI,2022,9,19.0,718
WI,2022,10,14.0,737
WI,2022,11,20.0,496
WI,2022,12,53.0,765
WI,2023,1,39.0,938
WI,2023,2,12.0,534
WI,2023,3,21.0,526
WI,2023,4,6.0,506
WI,2023,5,6.0,629
WI,2023,6,0.0,624
WI,2023,7,2.0,659
WI,2023,8,6.0,658
WI,2023,9,9.0,650
WI,2023,10,9.0,601
WV,2020,1,0.0,4
WV,2020,2,0.0,1
WV,2020,3,2.0,96
WV,2020,4,52.0,1256
WV,2020,5,29.0,1549
WV,2020,6,18.0,1458
WV,2020,7,27.0,1431
WV,2020,8,47.0,1806
WV,2020,9,70.0,1770
WV,2020,10,85.0,1821
WV,2020,11,180.0,1733
WV,2020,12,413.0,1797
WV,2021,1,393.0,1797
WV,2021,2,169.0,1620
WV,2021,3,70.0,1789
WV,2021,4,82.0,1746
WV,2021,5,114.0,1787
WV,2021,6,47.0,1720
WV,2021,7,32.0,1798
WV,2021,8,147.0,1829
WV,2021,9,445.0,1770
WV,2021,10,456.0,1823
WV,2021,11,285.0,1767
WV,2021,12,267.0,1818
WV,2022,1,256.0,1506
WV,2022,2,1.0,228
WV,2022,3,0.0,246
WV,2022,4,0.0,234
WV,2022,5,0.0,232
WV,2022,6,0.0,211
WV,2022,7,1.0,217
WV,2022,8,0.0,217
WV,2022,9,0.0,126
WV,2022,10,0.0,98
WV,2022,11,0.0,90
WV,2022,12,0.0,96
WV,2023,1,0.0,98
WV,2023,2,0.0,84
WV,2023,3,0.0,93
WV,2023,4,0.0,90
WV,2023,5,0.0,93
WV,2023,6,0.0,48
WV,2023,7,0.0,0
WV,2023,8,0.0,0
WV,2023,9,0.0,45
WV,2023,10,0.0,4
WY,2020,3,0.0,63
WY,2020,4,7.0,546
WY,2020,5,4.0,617
WY,2020,6,3.0,606
WY,2020,7,7.0,692
WY,2020,8,2.0,797
WY,2020,9,17.0,746
WY,2020,10,26.0,815
WY,2020,11,53.0,862
WY,2020,12,77.0,890
WY,2021,1,40.0,897
WY,2021,2,14.0,807
WY,2021,3,5.0,885
WY,2021,4,8.0,861
WY,2021,5,11.0,870
WY,2021,6,17.0,847
WY,2021,7,25.0,883
WY,2021,8,41.0,879
WY,2021,9,88.0,854
WY,2021,10,97.0,883
WY,2021,11,92.0,850
WY,2021,12,58.0,883
WY,2022,1,21.0,586
WY,2022,2,30.0,650
WY,2022,3,15.0,716
WY,2022,4,2.0,683
WY,2022,5,0.0,676
WY,2022,6,3.0,692
WY,2022,7,7.0,687
WY,2022,8,4.0,692
WY,2022,9,2.0,664
WY,2022,10,2.0,668
WY,2022,11,8.0,644
WY,2022,12,3.0,683
WY,2023,1,0.0,616
WY,2023,2,1.0,551
WY,2023,3,3.0,613
WY,2023,4,0.0,596
WY,2023,5,0.0,578
WY,2023,6,0.0,515
WY,2023,7,0.0,499
WY,2023,8,0.0,510
WY,2023,9,0.0,492
WY,2023,10,2.0,463
